岗位,薪水,工作地点,公司
GO,10k-20k,北京,小肚皮App
Go,8k-15k,北京,Udesk－企业级智能客服平台
GO,15k-30k,上海,上海品峥信息
Go /Golang 工程师,20k-40k,北京,数美
Go,15k-30k,北京,牛链科技
Go,10k-20k,上海,爱可生
Go/Python架构师,15k-25k,深圳,暴鸡电竞
Go/golang,20k-40k,北京,瓜子二手车直卖网
GO,15k-30k,北京,竞技世界
Golang开发工程师,35k-50k,北京,美团点评
软件开发主任-Go/C++,35k-40k,北京,FreeWheel
GO,12k-20k,上海,米领通信
go语言,20k-25k,北京,微事博
Go工程师,12k-20k,北京,DataHunter
Go,15k-30k,上海,换手率
Go,20k-35k,北京,Udesk－企业级智能客服平台
Go /Golang 工程师,20k-40k,北京,数美
高级资深后端PHP/GO,25k-50k,北京,瓜子二手车直卖网
golang工程师,15k-25k,北京,微事博
高级开发工程师-Python/Java/Go,25k-45k,北京,京东金融
Go/Golang开发实习生,4k-8k,北京,牛链科技
Golang工程师,15k-30k,北京,乐惠
Go/Python后端攻城狮,10k-20k,深圳,红树科技
Golang,10k-15k,广州,卓睿网络
Golang开发工程师,15k-30k,上海,驴妈妈旅游网
Golang工程师,12k-20k,深圳,Klook 客路旅行
golang工程师,10k-20k,北京,XSKY
Go工程师,7k-12k,厦门,深图智服DEEPIR
Golang工程师,9k-15k,杭州,招财猫
Go工程师,10k-18k,深圳,复临科技
Go,12k-24k,北京,Udesk－企业级智能客服平台
Go /Golang 工程师,20k-40k,北京,数美
Golang,15k-30k,北京,乐惠
Go/golang/Go语言,15k-30k,北京,逍遥天地
GO,9k-15k,宁波,岳润
Golang开发工程师,30k-42k,北京,美团点评
golang开发工程师,10k-20k,上海,Artchain
golang,10k-15k,深圳,博悦科创
高级开发工程师-Python/Java/Go,25k-45k,杭州,京东金融
GO开发工程师,15k-25k,北京,一亩田
golang开发工程师,15k-25k,北京,普德普
Golang工程师,9k-18k,深圳,卖座网
golang 开发工程师,10k-20k,杭州,杭州溜达
golang软件工程师,8k-16k,成都,千行集团
GO开发工程师,10k-20k,杭州,优云软件
Go /Golang 工程师,20k-40k,北京,数美
Golang工程师,15k-30k,上海,驴妈妈旅游网
golang开发工程师,15k-25k,北京,极效
go语言工程师,20k-25k,北京,微事博
Golang开发工程师,10k-20k,深圳,菜鸟理财
GO开发工程师,15k-25k,上海,ZTO-express
golang开发工程师,15k-25k,上海,泛为
Golang工程师,15k-30k,北京,哗啦啦
golang开发工程师,6k-12k,上海,微财富
Golang开发工程师-平台技术,20k-40k,北京,滴滴出行
go开发工程师,10k-20k,北京,妙计旅行
Golang工程师,15k-30k,北京,时速云
Golang高级研发工程师,40k-55k,北京,美团点评
golang开发,15K-30K,北京,任你说
Go 中级工程师,10k-18k,北京,ZingFront智线
go语言工程师,15k-25k,北京,微事博
golang研发工程师,7k-14k,上海,微财富
Golang开发工程师,20k-30k,北京,比特大陆
Golang研发工程师,20k-40k,北京,滴滴出行
Golang开发工程师,15k-30k,上海,捞月狗
Golang开发工程师,13k-26k,北京,七牛云
Golang开发工程师,25k-45k,北京,轻松筹
Golang开发工程师,10k-20k,上海,TapTap
Go开发工程师,15k以上,上海,星环科技
golang,10k-20k,长沙,北京炬鑫
golang工程师,12k-22k,深圳,对对科技
golang开发工程师,18k-30k,深圳,腾讯
Golang 工程师,15k-30k,深圳,Bindo Labs
Go 开发工程师,13k-26k,深圳,牛日科技
GoLang 开发工程师,8k-15k,上海,讯联数据
Golang研发工程师,6k-12k,上海,微财富
GO语言开发,13k-20k,广州,爱菩新医药科技
Go语言开发,15K-25K,深圳,新华云帆
Golang开发工程师,15k-25k,上海,两鲜
美团云Python/Golang工程师,25k-45k,北京,美团点评
IBU-golang/nodejs开发工程师J10,10k-15k,上海,UCloud
Go开发工程师,25k-45k,北京,爱奇艺
GO开发工程师,13k-20k,上海,ezbuy
GO开发工程师,5k-10k,北京,东方国信
GO开发工程师,15k-25k,大连,NAVER China
GO开发工程师,15k-25k,北京,小米
Golang研发工程师,20k-30k,杭州,网易
golang开发工程师,15k-25k,上海,滚球信息
Go工程师,20k-35k,北京,她理财
GO开发工程师,20k-40k,北京,百度外卖
golang工程师,6k-12k,上海,微财富
Golang工程师,10k-20k,北京,首证投顾
Golang开发工程师,15k-25k,北京,凤凰网
golang,20k-40k,北京,瓜子二手车直卖网
​Golang开发工程师,20k-30k,北京,七牛云
Go/Java,5k-8k,苏州,路腾软件
Go语言工程师,15k-25k,杭州,盛魁科技
golang开发,10k-18k,南京,以太数据
golang开发工程师,8k-12k,西安,圣点科技
golang开发工程师,10k-20k,深圳,八零网络
Golang,18k-25k,北京,SenseTime
go开发组长,15k-25k,杭州,天玑科技
Go语言工程师,15k-30k,上海,上海品峥信息
高级Golang开发工程师,15k-30k,上海,足球魔方
golang开发工程师,10k-16k,南京,途牛旅游网
Golang,10K-20K,北京,北京云汇天下
GO语言开发,8k-12k,广州,爱菩新医药科技
Go开发工程师,10k-20k,深圳,有容云
go语言开发工程师,9k-18k,深圳,卖座网
go/php 工程师 (实习),3k-4k,北京,小米
Golang开发工程师,20k-30k,北京,企飞
Golang技术专家,25k-40k,上海,Ping++
GO中级工程师,8k-10k,武汉,ZingFront智线
Golang高级工程师,15k-30k,北京,乐惠
Golang语言开发工程师,15k-30k,北京,畅聊天下(派派交友）
golang开发工程师,15k-30k,西安,BOO!
golang开发工程师,10k-15k,南京,荣泽科技
golang开发工程师,20k-40k,北京,北京炬鑫
Go语言工程师,8k-15k,上海,游族网络
Golang开发工程师---公共平台(J13255),25k-50k,北京,滴滴出行
Go 中级工程师,8k-15k,武汉,ZingFront智线
golang工程师,10k-15k,成都,三五七网络科技有限公司
golang,6k-12k,厦门,帝恩思
Go开发工程师,8k-14k,成都,有乐信息
Golang开发工程师,15k-30k,北京,小米
Golang开发工程师,6k-8k,重庆,晓道科技
go,15k-30k,杭州,杭州岩泽网络科技有限公司
Golang软件开发工程师,12k-20k,北京,数资科技
golang,20k-35k,杭州,玩主
Java / Golang 工程师,15k-25k,上海,掌门集团
golang高级开发工程师,20k-40k,北京,久康国际
Python/Go开发工程师-北京-00395,15k-25k,北京,比特大陆
GO语言研发工程师,9k-18k,上海,弘连网络
Go 语言开发工程师,15k-30k,北京,美餐
资深Golang/Ruby开发工程师,22k-32k,北京,FreeWheel
C++/GO 中级工程师,8k-15k,廊坊,ZingFront智线
go开发工程师,25k-50k,北京,探探
Go开发工程师,15k-30k,北京,猎豹移动
golang开发,15k-30k,成都,Clickkwala
高级Golang工程师,15k-25k,深圳,卖座网
Go研发工程师,8k-15k,重庆,锦玉山河
资深PHP/GO工程师/技术管理,25k-50k,北京,瓜子二手车直卖网
Go开发工程师,4k-6k,成都,亚然科技
Golang开发工程师,15k-25k,上海,北艾（上海）网络科技有限公司
golang工程师,10k-20k,武汉,斗鱼直播
Go开发工程师,6k-10k,北京,易回眸
Golang开发工程师,20k-40k,北京,滴滴出行
golang开发工程师,15k-25k,深圳,华科瑞联
Golang云平台／后端中级开发工程师,15k-30k,杭州,Caicloud
golang,10K-20K,杭州,百得思维
Golang开发工程师,15k-30k,上海,上海心灵伙伴云计算
go/golang工程师,10k-20k,北京,SnapLingo
golang,10k-15k,杭州,和祥行
Golang云平台／后端中级开发工程师,15k-30k,北京,Caicloud
go语言开发工程师,10k-20k,杭州,复杂美科技
高级Golang研发工程师,13k-25k,成都,景和千城
GO开发工程师,15k-25k,大连,NAVER China
GO高级工程师,20k-35k,北京,Udesk－企业级智能客服平台
Golang 开发工程师,18k-36k,上海,英语流利说
Go/golang,12k-24k,上海,汇宜金融
go语言开发工程师,15k-30k,杭州,杭州溜达
Golang开发工程师,18k-36k,北京,版全家科技
go研发工程师,15k-30k,北京,百度
Golang高级开发工程师,15k-30k,北京,乐惠
高级java/golang工程师,18k-22k,北京,爱棋道（北京）文化传播有限公司
基础平台开发工程师C/Go/Python/Java,20k-40k,北京,阿里云
Go语言开发工程师,15k-25k,北京,普德普
高级Go工程师,18k-30k,北京,DataHunter
Golang研发工程师,10k-20k,西安,新玛互动
golang高级研发工程,25k-45k,北京,roobo
Go语言开发工程师,15k-25k,上海,恺英网络
go开发工程师,25k-32k,北京,映客直播
Golang开发工程师,15k-30k,北京,小爱科技
golang高级开发工程师,12k-24k,上海,UCloud
go开发工程师,15K-25K,上海,魔麟网络
go语言开发工程师,15K-30K,广州,广州液态水
Golang 开发工程师,10k-20k,深圳,小恩爱
Golang服务器,10k-15k,成都,LinkFun Game
GO开发工程师,6k-12k,广州,西洋汇
GO开发工程师,15k-25k,上海,途虎养车网
golang开发工程师,15k-20k,深圳,小科斗
GO开发工程师,10k-20k,上海,上海聊聊
golang 研发工程师,15k-30k,北京,SpeedyCloud
nodejs/java/golang开发,15k-30k,上海,Energolabs
高级golang开发工程师,13k-22k,武汉,斗鱼直播
golang高级开发工程师,10k-20k,成都,多点Dmall
go后台,9k-18k,杭州,曼线科技
Go语言开发工程师,25k-40k,北京,roobo
GO开发工程师,10k-20k,上海,ezbuy
go语言开发,10k-20k,上海,博体数字
Golang工程师,20k-40k,北京,Opera
Golang云平台/后端开发工程师,15k-30k,北京,AbleCloud
go语言开发工程师,10k-15k,上海,DATATOM
基础平台开发工程师C/Go/Python/Java,20k-40k,杭州,阿里云
C/C++ /Golang开发工程师,8k-15k,厦门,奇获网络
Go 工程师,15k-30k,北京,微篇
Go语言工程师,8k-13k,柳州,桂金汇
Golang,15k-30k,深圳,糗事百科
Golang开发工程师（ADX方向）,9k-15k,广州,金科文化
Go开发工程师,10k-20k,北京,早猫
golang语言开发工程师,15k-30k,广州,广州液态水
GO语言开发工程师,12k-24k,上海,合阔信息
Golang开发工程师,15k-30k,上海,哔哩哔哩
Golang开发工程师,20k-28k,广州,悄悄科技
Golang开发工程师,8k-15k,厦门,厦门易灵网络 ELING
Go语言开发工程师,15k-20k,深圳,Mobikok
Go语言工程师8k-20k,8k-16k,太原,北京芝麻街科技
研发专家-Java/Python/C++/Go北京,25k-50k,北京,蚂蚁金服集团
云计算-容器云平台开发工程师(Golang),30k-60k,上海,永辉超市股份有限公司
Go语言开发主程序,16k-30k,上海,游族网络
Golang开发工程师（随手记）,13k-25k,深圳,随手科技
账号支付-Golang 高级开发工程师,13k-26k,深圳,迅雷
GOLANG 工程师开发,10k-15k,上海,久劲科技
Golang研发工程师,10k-20k,北京,盛世光明
Python/Golang开发工程师,20k-40k,北京,Yi+
高级golang,12K-24K,武汉,创极地
Go 语言研发工程师,16k-30k,深圳,Followme
长连接服务开发（golang方向）,15k-30k,上海,PPTV聚力
Golang,5k-10k,武汉,研众科技
Golang研发工程师,8k-16k,成都,精灵云科技
Go高级开发工程师,25k-45k,北京,瓜子二手车直卖网
Golang云平台／后端中级开发工程师,15k-30k,上海,Caicloud
Go(Golang),25k-45k,北京,探探
Python/Go开发工程师-小米视频,20k-35k,北京,小米
golang后台开发,10k-20k,深圳,新华云帆
GO语言开发工程师,15k-25k,深圳,榕时代科技
主任开发工程师（Golang方向）,35k-45k,北京,FreeWheel
GOLANG高级开发工程师,20K-40K,深圳,大旺科技
golang开发工程师,10k-20k,上海,心动网络
Golang研发工程师,15k-30k,北京,百度
技术项目经理 - GO Data Science,35k-45k,北京,Coupang
Python/Golang研发工程师,18k-36k,北京,新浪微博
Golang开发工程师,7k-12k,杭州,优考科技
高级Golang工程师,20k-40k,北京,云账户
Golang工程师,13k-25k,上海,高升控股
Go语言研发工程师,15k-30k,北京,清檬智慧
Go语言工程师,20k-30k,北京,爱奇艺
服务器程序golang,5k-10k,上海,拟酷游戏
Java/Go高级研发工程师-后市场(J170528018),15k-30k,杭州,滴滴出行
golang开发工程师/go语言工程师,15k-30k,北京,360企业安全
​混合云平台研发工程师（Golang）,25k-50k,北京,新浪微博
golang开发工程师,10k-20k,广州,游戏和教育软件开发（VR方向）
Golang语言高级研发工程师,20k-40k,北京,滴滴出行
Go高级研发工程师,25k-50k,北京,罗辑思维
Go开发，或Python，C,8k-15k,广州,智品移动
Go 资深开发工程师,18k-25k,北京,loraplus
GO语言开发工程师,15k-25k,广州,全民快乐
GO开发工程师,10k-20k,深圳,天虹-虹领巾
高级golang工程师,20k-40k,北京,云账户
Golang开发工程师,8K-12K,沧州,携手
高级go语言开发工程师J10600,15k-30k,上海,UCloud
Go语言开发工程师,15k-30k,上海,爱奇艺
Golang资深工程师,25K-40K,北京,纯简
GO语言服务器端开发工程师,15k-30k,深圳,腾讯
（高级）Go语言开发工程师,11k-20k,上海,游族网络
【大数据-后台服务端API开发工程师（GO语言开发）】--北京,20k-40k,北京,滴滴出行
golang开发工程师,13k-18k,广州,广州盛世彩
Golang开发工程师,25k-35k,上海,优雅广告
go语言软件工程师,10k-20k,上海,臻相软件
Golang开发工程师,6k-9k,厦门,易名中国
golang,10k-20k,上海,博体数字
Golang 开发工程师,18k-36k,上海,英语流利说
Golang 后端工程师,10k-18k,深圳,顺道出行
Golang/Java后台开发工程师（深圳,15k-30k,深圳,腾讯
Golang开发工程师,5k-10k,西安,明朝万达
Go高级开发工程师,15k-30k,北京,百度
python/go高级工程师,15k-25k,杭州,娱网科道
Go后端工程师,18k-35k,北京,石墨
Golang,15k-25k,深圳,旗云
GO开发工程师/golang,10k-20k,广州,彩乐网络
PHP/Golang 开发工程师,15k-30k,北京,360企业安全
GO语言中级工程师,15k-25k,北京,云佳科技
go开发工程师,10k-20k,武汉,武汉楚易唯公司
游戏服务器/Go工程师,18k-30k,北京,6waves
golang开发工程师,10K-20K,郑州,微阵科技
IPL-Golang服务端开发工程师,15k-30k,上海,UCloud
Go语言开发工程师,15k-25k,上海,威佩
服务端开发工程师 (Golang),9k-18k,成都,速递易
后端开发工程师（Go）,15k-30k,北京,灵雀云
golang开发工程师,8k-15k,成都,小嘻科技
Golang后台开发工程师,15k-30k,深圳,网心科技
区块链开发/GO语言开发/golang开发,25k-50k,上海,上海荣恋
Golang 工程师,15k-20k,北京,北京夸克创新科技有限公司
高级Golang服务器工程师,30k-60k,北京,畅聊天下(派派交友）
YSBG-后端开发工程师（Golang）,15k-25k,广州,酷狗音乐
Go开发工程师,15k-30k,上海,心灵伙伴览育
Go语言高级研发工程师,20k-35k,北京,思源科技
Python+GO高级开发工程师,12k-18k,广州,畅想
Golang开发工程师,10k-20k,杭州,手印直播
Golang开发工程师,8k-12k,广州,迪奥科技
golang开发工程师,10k-15k,深圳,采橙科技
GO语言后端开发,15k-30k,北京,Hortor Games
Golang工程师（棋牌）,12k-20k,上海,上海品峥信息
saas-golang开发工程师,9k-17k,上海,博鼠信息
Golang工程师,18k-25k,上海,Evolve
GO语言高级开发工程师 ---产品技术部(J13256),25k-50k,北京,滴滴出行
Golang后端研发工程师,8k-16k,广州,舜飞科技
golang/java开发工程师,10k-15k,北京,爱棋道（北京）文化传播有限公司
GO后端工程师,15k-30k,福州,创游
Golang数据开发工程师,10k-15k,北京,盖娅互娱
Java/go后端工程师,20k-40k,北京,Kika Tech(新美互通)
Go服务器端开发工程师,13k-25k,武汉,微派
Golang后台开发工程师,15k-30k,深圳,网心科技
golang服务器工程师,8k-16k,成都,成都乐曼多
go开发工程师（实习生）,4K-8K,福州,滴咚网络
滴滴账号高级工程师/架构师(golang语言）,15k-30k,北京,滴滴出行
中高级 Golang 后端开发工程师,13k-18k,成都,成都小多科技有限公司
Golang 攻城狮,12k-15k,广州,木木健康
Go开发工程师,10k-15k,广州,广州咪狗
服务端开发工程师（golang）,20k-40k,北京,北京炬鑫
后端工程师PHP/Golang/Java,18k-35k,北京,瓜子二手车直卖网
golang开发,15k-25k,上海,清源大数据
后端golang开发工程师,15K-30K,北京,北京云汇天下
go开发高级工程师,18K-30K,北京,领主
急聘GO开发工程师,15K-25K,上海,魔麟网络
GO 开发工程师 ,20k-40k,南京,翼太源
c++/go 后端研发工程师,25k-40k,北京,AbleCloud
GO语言服务器端开发,25k-40k,北京,FunPlus 趣加游戏
golang技术专家,18k-35k,北京,蚂蚁金服集团
Go开发工程师,10k-20k,上海,牛牛成长
高级Golang工程师,12k-20k,成都,微赛
高级/资深C/C++/Golang系统研发工程师--北京,24k-48k,北京,美图公司
Golang后台开发工程师,6k-11k,深圳,盈创丰茂
Go高级开发工程师,18k-30k,北京,百度
Go（后端）工程师,12k-20k,苏州,德姆斯
Go后台研发工程师,8k-16k,上海,上海崇杏
Go（后端）工程师,12k-20k,苏州,山东科大机电科技股份有限公司
高级/资深服务器开发工程师（golang）,15k-30k,上海,巨人网络
后端开发工程师（golang）,20k-40k,北京,ofo
GO 开发工程师（小米商城）,20k-35k,北京,小米
高级/资深C/C++/Golang系统研发工程师-深圳,20k-40k,深圳,美图公司
Golang后端开发工程师（杭州、深圳）,10k-20k,杭州,物联网接入与消息云服务
C++／GO 后端研发工程师,20k-40k,北京,便利蜂
golang高级开发工程师,22k-35k,北京,掌游
GO语言服务端开发工程师,15k-30k,北京,百度
GO语言高级开发工程师,30k-50k,北京,京东商城
Go语言开发工程师,15k-30k,上海,上海陶心网信息技术有限公司
GO服务端工程师,10k-20k,广州,崇一网络
高级golang开发工程师,20k-30k,北京,汽车之家
Golang高级软件开发工程师,20k-35k,上海,骇极
广告系统研发工程师（Go）,20k-40k,北京,赤子城
GOLANG高级开发工程师,15K-30K,深圳,大旺科技
系统开发工程师（Ruby/Golang）,40k-55k,北京,美团点评
NodeJS/Go 高级后端开发工程师,15k-30k,上海,哒哒英语
GO游戏服务端开发,15k-30k,北京,卿烨科技
游戏服务器端主程Golang,30k-50k,北京,Hortor Games
高级系统架构师（Go语言方向）,20k-40k,北京,社区半径
Golang游戏开发工程师,10k-15k,深圳,三厘米科技
Go 语言分布式系统开发工程师,15k-25k,上海,青云
Golang服务器开发工程师,6k-12k,深圳,东讯
golang 后端开发,10k-20k,上海,棋雅网络
golang后端开发,15k-25k,深圳,平安产险
后端开发工程师 (golang/微服务),12k-18k,上海,大智慧
服务端程序员会golang,4k-6k,杭州,米琪科技
GO后端架构师,20k-40k,上海,ezbuy
go语言基础架构开发工程师,20k-40k,北京,瓜子二手车直卖网
Golang服务端开发工程师,15k-25k,成都,海量数据
Go游戏服务端,8k-15k,深圳,魔镜VR
Go To Market,18k-35k,北京,联想集团
Go语言手游服务器开发,15k-30k,北京,火翼游戏
游戏服务器开发工程师 Golang·后端开发,20k-30k,北京,Hortor Games
游戏服务器go程序员,8K-12K,成都,聚米粒
Web后端开发工程师 （go语言方向）,18k-28k,深圳,羚羊极速
后端开发工程师(go),6k-10k,成都,华信傲天
go运维开发工程师,10k-20k,北京,妙计旅行
Go 服务器开发工程师,15k-30k,北京,无花果
Go高级后台开发,12k-24k,深圳,智象科技
基础平台开发工程师C/Go/Python/Java(CDN),20k-40k,杭州,阿里云
go语言（c++）,15k-18k,深圳,金证股份
高级golang/C++工程师（容器云平台）,20k-28k,上海,实惠
Go后端工程师（心理测评& 行动管理）,1k-2k,北京,duocai.me
后台服务开发(Java/Golang),12k-24k,上海,哔哩哔哩
C++/Go后台高级工程师,14k-21k,广州,YY Inc
Python/Go 运维开发工程师,15k-25k,上海,厚本金融
KunLun-系统研发工程师(Go/Python),12k-24k,成都,BBD
Go服务器开发（心理测评& 行动管理）,1k-2k,北京,duocai.me
go语言后台开发工程师（Linux平台）,20k-40k,深圳,羚羊极速
高级后端工程师（python、Go）,15k-25k,深圳,晶泰科技
后台开发工程师（C++/golang）,10k-18k,深圳,蒜泥科技
Go语言区块链开发工程师,15k-30k,深圳,元征科技
服务后端开发（Java/Go）,5k-8k,苏州,路腾软件
C++/Go语言服务器主程（女神工作室）,20k-28k,上海,游族网络
资深后端(PHP/Go)工程师/技术专家,25k-42k,北京,瓜子二手车直卖网
基础平台开发工程师C/Go/Python/Java(CDN),20k-40k,北京,阿里云
PHP开发（转Go）,12k-20k,上海,感悟科技
"WebRTC服务器通信开发工程师 [NodeJS, C, Golang]",16k-28k,北京,乐塔克LearningTech
c++/java/golang高级工程师,20k-30k,北京,美洽
技术专家C++/Java/Pyton/Golang,20k-40k,北京,Udesk－企业级智能客服平台
高级后端(PHP/Go)工程师,20k-30k,北京,神州鹰
c++开发/go开发/golang开发,8k-12k,杭州,奥点科技
高级后端(PHP/Go)工程师,15k-25k,北京,瓜子二手车直卖网
C++/GO语言开发工程师,15k-25k,广州,全民快乐
Android开发工程师（GO桌面）,10k-20k,广州,久邦数码
C/C++/GO软件工程师,8k-15k,北京,中国航信
区块链技术开发工程师（go，c++，Python）,15k-23k,杭州,复杂美科技
高级C++/go开发工程师,25k-35k,深圳,纵横文化
"软件开发工程师(Python, Go, NodeJs等)",6k-12k,厦门,海湾科技
棋牌服务器程序(golang\C++\lua其一）,10k-20k,成都,文维科技
MIG07-GO语言服务器端开发工程师,18k-36k,深圳,腾讯
C++/go服务器开发,20k-30k,杭州,赛米电子
后端(JAVA/GO/PHP)工程师,20k-40k,北京,小狗机器人
移动平台后端高级开发工程师（Go/Python）,15k-30k,北京,JoyCastle
服务器工程师(go/python),12k-22k,深圳,以太科技
后台开发工程师（PHP或者是GO）,15k-30k,深圳,网心科技
区块链（java，go）,16k-26k,北京,同方鼎欣
高级后端(PHP/Go)工程师,15k-25k,北京,瓜子二手车直卖网
PHP开发工程师（c/c++，golang）,20k-40k,北京,360
Java/C++/go工程师,10k-20k,杭州,上海实沃
"资深开发工程师(全栈,Java,C/C++,Go)",15k-30k,深圳,么么嗖
Web服务工程师（PHP\Java\go\校招),6k-12k,武汉,斗鱼直播
Java/Python/C++/Go-P7-阿里云,25k-45k,杭州,蚂蚁金服集团
高级后端(PHP/Java/Go)工程师,17k-34k,北京,瓜子二手车直卖网
golang研发工程师,7k-14k,上海,微财富
golang研发工程师,7k-14k,上海,微财富
GO中级工程师,8k-12k,廊坊,ZingFront智线
Go 中级工程师,8k-12k,廊坊,ZingFront智线
Golang高级开发,15k-30k,北京,乐惠
Go /Golang 工程师（后台开发）/架构师,20k-40k,北京,滴滴出行
后台研发工程师（go 语言）,20k-40k,北京,滴滴出行
GO语言分布式系统开发工程师,15k-30k,上海,UCloud
【滴滴社招】后端高级开发工程师/架构师(GO语言）,20k-40k,北京,滴滴出行
【滴滴打车】后端高级开发工程师/架构师(Go 语言开发）,20k-40k,北京,滴滴出行
高级C++/GO/NLP工程师,8k-16k,武汉,ZingFront智线
高级C++/GO/NLP工程师,12k-24k,北京,ZingFront智线
